{"dna": [[0.7851954108118236, 0.4654172475378334, 0.3443204657713147, 0.14682548176063226, 0.8632403977174097, 0.587833398989224, 0.5971369529940943, 0.32991203207566744, 0.0900679822367636, 0.548196489512099, 0.5022696087029781, 0.8954756741092206, 0.6829651027904722, 0.3436273923374563, 0.6042193147477508, 0.4225694177409717, 0.8822540067074864], [0.8701929827473699, 0.8478272080478646, 0.5033647197351976, 0.06443353222336856, 0.7843449202273558, 0.5748157769854535, 0.5612172005768942, 0.68921086642027, 0.3510593013018378, 0.6265234260928326, 0.904056374580385, 0.34851322088599357, 0.6453573040694259, 0.13097724183902226, 0.40736326349349494, 0.2107206270171782, 0.036494213669293396], [0.8220650808957783, 0.09167466204494834, 0.15751718703404227, 0.4838206565552574, 0.539202245844595, 0.4702047536696221, 0.09359132099962297, 0.6871888869221878, 0.12109815722293149, 0.4884911030058572, 0.3341721498186362, 0.23720600002781977, 0.693694403927237, 0.25771232032491687, 0.7684613256339581, 0.6450229490094385, 0.03128639683295242], [0.38125213512057476, 0.6260656106937805, 0.8419826555225258, 0.14258563057169626, 0.9223331119561567, 0.8759409565739951, 0.8870709863124833, 0.959251556635513, 0.20753375094012028, 0.5339154300831277, 0.5341890308753886, 0.9204193924054327, 0.861733394970239, 0.04772063827557704, 0.09598694683961229, 0.7209444872441741, 0.5785854451982809], [0.3121971234890386, 0.11419514453937307, 0.22833139510049738, 0.9050348588861913, 0.49465113759255785, 0.8617272562130373, 0.13488190807855482, 0.5707186158258805, 0.7662965899496706, 0.042095714028951625, 0.7020190208919496, 0.7906029973942458, 0.8116508025182008, 0.7505899424071872, 0.6924360688382245, 0.33920022724736143, 0.870680545517069]], "fitness": 17.97704181867157}